<?xml version="1.0" encoding="UTF-8"?>
<module codename="org.netbeans.core.output2/1">
<module_version install_time="1248323319679" last="false" origin="installer" specification_version="1.11.1.1">
<file crc="4030726757" name="config/Modules/org-netbeans-core-output2.xml"/>
<file crc="4279175508" name="modules/org-netbeans-core-output2.jar"/>
</module_version>
<module_version install_time="1254272759890" last="true" origin="NetBeans" specification_version="1.11.2.1">
<file crc="1338089465" name="modules/locale/org-netbeans-core-output2_ja.jar"/>
<file crc="4141039908" name="modules/locale/org-netbeans-core-output2_pt_BR.jar"/>
<file crc="617175151" name="modules/locale/org-netbeans-core-output2_zh_CN.jar"/>
<file crc="3375935269" name="config/Modules/org-netbeans-core-output2.xml"/>
<file crc="3044227975" name="modules/org-netbeans-core-output2.jar"/>
</module_version>
</module>
