<?xml version="1.0" encoding="UTF-8"?>
<module codename="org.netbeans.core/2">
<module_version install_time="1248323351416" last="false" origin="installer" specification_version="3.11.1.1">
<file crc="2935638621" name="config/ModuleAutoDeps/org-netbeans-core.xml"/>
<file crc="1871729761" name="config/Modules/org-netbeans-core.xml"/>
<file crc="2865729825" name="modules/org-netbeans-core.jar"/>
</module_version>
<module_version install_time="1254272759046" last="true" origin="NetBeans" specification_version="3.11.2.1">
<file crc="1799962475" name="modules/locale/org-netbeans-core_ja.jar"/>
<file crc="656115839" name="modules/locale/org-netbeans-core_pt_BR.jar"/>
<file crc="2347657006" name="modules/locale/org-netbeans-core_zh_CN.jar"/>
<file crc="2935638621" name="config/ModuleAutoDeps/org-netbeans-core.xml"/>
<file crc="1458108705" name="config/Modules/org-netbeans-core.xml"/>
<file crc="1870786083" name="modules/org-netbeans-core.jar"/>
</module_version>
</module>
