<?xml version="1.0" encoding="UTF-8"?>
<module codename="org.netbeans.core.windows/2">
<module_version install_time="1248323494918" last="false" origin="installer" specification_version="2.14.2.1">
<file crc="77936804" name="config/Modules/org-netbeans-core-windows.xml"/>
<file crc="2056176562" name="modules/org-netbeans-core-windows.jar"/>
</module_version>
<module_version install_time="1254272759515" last="true" origin="NetBeans" specification_version="2.14.3.1">
<file crc="3217909971" name="modules/locale/org-netbeans-core-windows_ja.jar"/>
<file crc="302662248" name="modules/locale/org-netbeans-core-windows_pt_BR.jar"/>
<file crc="3996090094" name="modules/locale/org-netbeans-core-windows_zh_CN.jar"/>
<file crc="328031332" name="config/Modules/org-netbeans-core-windows.xml"/>
<file crc="3703668971" name="modules/org-netbeans-core-windows.jar"/>
</module_version>
</module>
