<?xml version="1.0" encoding="UTF-8"?>
<module codename="org.openide.awt">
<module_version install_time="1248325306105" last="false" origin="installer" specification_version="7.8.1.1">
<file crc="744301801" name="config/Modules/org-openide-awt.xml"/>
<file crc="1962750881" name="modules/org-openide-awt.jar"/>
</module_version>
<module_version install_time="1254272760156" last="true" origin="NetBeans" specification_version="7.8.2.1">
<file crc="2896101550" name="modules/locale/org-openide-awt_ja.jar"/>
<file crc="3381294647" name="modules/locale/org-openide-awt_pt_BR.jar"/>
<file crc="1689514337" name="modules/locale/org-openide-awt_zh_CN.jar"/>
<file crc="354781609" name="config/Modules/org-openide-awt.xml"/>
<file crc="1661168944" name="modules/org-openide-awt.jar"/>
</module_version>
</module>
