<?xml version="1.0" encoding="UTF-8"?>
<module codename="com.ibm.mq">
    <module_version install_time="1255394764140" last="true" origin="installer" specification_version="1.0">
        <file crc="1240156071" name="config/Modules/com-ibm-mq.xml"/>
        <file crc="1830201610" name="modules/com-ibm-mq.jar"/>
        <file crc="110086783" name="modules/ext/com.ibm.mq.jar"/>
        <file crc="201884220" name="modules/ext/com.ibm.mq.jms.Nojndi.jar"/>
        <file crc="2409674147" name="modules/ext/com.ibm.mq.pcf.jar"/>
        <file crc="2275011150" name="modules/ext/com.ibm.mq.soap.jar"/>
        <file crc="2752195762" name="modules/ext/com.ibm.mqjms.jar"/>
        <file crc="3336270631" name="modules/ext/commonservices.jar"/>
        <file crc="4248088605" name="modules/ext/connector.jar"/>
        <file crc="3411923985" name="modules/ext/dhbcore.jar"/>
        <file crc="725581155" name="modules/ext/fscontext.jar"/>
        <file crc="606229680" name="modules/ext/jms.jar"/>
        <file crc="1129946452" name="modules/ext/jndi.jar"/>
        <file crc="74263699" name="modules/ext/jta.jar"/>
        <file crc="4052677045" name="modules/ext/ldap.jar"/>
        <file crc="411711584" name="modules/ext/providerutil.jar"/>
        <file crc="1343250308" name="modules/ext/rmm.jar"/>
    </module_version>
</module>
